-- 1. Seed our core Curation Sheet Types
INSERT INTO sheets (id, name) VALUES (1, 'NEETCODE_150') ON CONFLICT (id) DO NOTHING;
INSERT INTO sheets (id, name) VALUES (2, 'STRIVER_A2Z') ON CONFLICT (id) DO NOTHING;

-- 2. Seed All 150 Master Problems with exact Difficulty
INSERT INTO problems (id, title, leetcode_url, difficulty) VALUES
(1, 'Contains Duplicate', 'https://leetcode.com/problems/contains-duplicate/', 'EASY'),
(2, 'Valid Anagram', 'https://leetcode.com/problems/valid-anagram/', 'EASY'),
(3, 'Two Sum', 'https://leetcode.com/problems/two-sum/', 'EASY'),
(4, 'Group Anagrams', 'https://leetcode.com/problems/group-anagrams/', 'MEDIUM'),
(5, 'Top K Frequent Elements', 'https://leetcode.com/problems/top-k-frequent-elements/', 'MEDIUM'),
(6, 'Product of Array Except Self', 'https://leetcode.com/problems/product-of-array-except-self/', 'MEDIUM'),
(7, 'Valid Sudoku', 'https://leetcode.com/problems/valid-sudoku/', 'MEDIUM'),
(8, 'Encode and Decode Strings', 'https://leetcode.com/accounts/login/?next=/problems/encode-and-decode-strings/', 'MEDIUM'),
(9, 'Longest Consecutive Sequence', 'https://leetcode.com/problems/longest-consecutive-sequence/', 'HARD'),
(10, 'Valid Palindrome', 'https://leetcode.com/problems/valid-palindrome/', 'EASY'),
(11, 'Two Sum II', 'https://leetcode.com/problems/two-sum-ii-input-array-is-sorted/', 'MEDIUM'),
(12, '3Sum', 'https://leetcode.com/problems/3sum/', 'MEDIUM'),
(13, 'Container with Most Water', 'https://leetcode.com/problems/container-with-most-water/', 'MEDIUM'),
(14, 'Trapping Rain Water', 'https://leetcode.com/problems/trapping-rain-water/', 'HARD'),
(15, 'Best Time to Buy & Sell Stock', 'https://leetcode.com/problems/best-time-to-buy-and-sell-stock/', 'EASY'),
(16, 'Longest Substring Without Repeating Characters', 'https://leetcode.com/problems/longest-substring-without-repeating-characters/', 'MEDIUM'),
(17, 'Longest Repeating Character Replacement', 'https://leetcode.com/problems/longest-repeating-character-replacement/', 'MEDIUM'),
(18, 'Permutation in String', 'https://leetcode.com/problems/permutation-in-string/', 'MEDIUM'),
(19, 'Minimum Window Substring', 'https://leetcode.com/problems/minimum-window-substring/', 'HARD'),
(20, 'Sliding Window Maximum', 'https://leetcode.com/problems/sliding-window-maximum/', 'HARD'),
(21, 'Valid Parentheses', 'https://leetcode.com/problems/valid-parentheses/', 'EASY'),
(22, 'Min Stack', 'https://leetcode.com/problems/min-stack/', 'MEDIUM'),
(23, 'Evaluate Reverse Polish Notation', 'https://leetcode.com/problems/evaluate-reverse-polish-notation/', 'MEDIUM'),
(24, 'Generate Parentheses', 'https://leetcode.com/problems/generate-parentheses/', 'MEDIUM'),
(25, 'Daily Temperatures', 'https://leetcode.com/problems/daily-temperatures/', 'MEDIUM'),
(26, 'Car Fleet', 'https://leetcode.com/problems/car-fleet/', 'MEDIUM'),
(27, 'Largest Rectangle in Histogram', 'https://leetcode.com/problems/largest-rectangle-in-histogram/', 'HARD'),
(28, 'Binary Search', 'https://leetcode.com/problems/binary-search/', 'EASY'),
(29, 'Search a 2D Matrix', 'https://leetcode.com/problems/search-a-2d-matrix/', 'MEDIUM'),
(30, 'Koko Eating Bananas', 'https://leetcode.com/problems/koko-eating-bananas/', 'MEDIUM'),
(31, 'Search Rotated Sorted Array', 'https://leetcode.com/problems/search-in-rotated-sorted-array/', 'MEDIUM'),
(32, 'Find Minimum in Rotated Sorted Array', 'https://leetcode.com/problems/find-minimum-in-rotated-sorted-array/', 'MEDIUM'),
(33, 'Time Based Key-Value Store', 'https://leetcode.com/problems/time-based-key-value-store/', 'MEDIUM'),
(34, 'Find Median of Two Sorted Arrays', 'https://leetcode.com/problems/median-of-two-sorted-arrays/', 'HARD'),
(35, 'Reverse Linked List', 'https://leetcode.com/problems/reverse-linked-list/', 'EASY'),
(36, 'Merge Two Linked Lists', 'https://leetcode.com/problems/merge-two-sorted-lists/', 'EASY'),
(37, 'Reorder List', 'https://leetcode.com/problems/reorder-list/', 'MEDIUM'),
(38, 'Remove Nth Node from End of List', 'https://leetcode.com/problems/remove-nth-node-from-end-of-list/', 'MEDIUM'),
(39, 'Copy List with Random Pointer', 'https://leetcode.com/problems/copy-list-with-random-pointer/', 'MEDIUM'),
(40, 'Add Two Numbers', 'https://leetcode.com/problems/add-two-numbers/', 'MEDIUM'),
(41, 'Linked List Cycle', 'https://leetcode.com/problems/linked-list-cycle/', 'EASY'),
(42, 'Find the Duplicate Number', 'https://leetcode.com/problems/find-the-duplicate-number/', 'MEDIUM'),
(43, 'LRU Cache', 'https://leetcode.com/problems/lru-cache/', 'MEDIUM'),
(44, 'Merge K Sorted Lists', 'https://leetcode.com/problems/merge-k-sorted-lists/', 'HARD'),
(45, 'Reverse Nodes in K-Group', 'https://leetcode.com/problems/reverse-nodes-in-k-group/', 'HARD'),
(46, 'Invert Binary Tree', 'https://leetcode.com/problems/invert-binary-tree/', 'EASY'),
(47, 'Maximum Depth of Binary Tree', 'https://leetcode.com/problems/maximum-depth-of-binary-tree/', 'EASY'),
(48, 'Diameter of a Binary Tree', 'https://leetcode.com/problems/diameter-of-binary-tree/', 'EASY'),
(49, 'Balanced Binary Tree', 'https://leetcode.com/problems/balanced-binary-tree/', 'EASY'),
(50, 'Same Tree', 'https://leetcode.com/problems/same-tree/', 'EASY'),
(51, 'Subtree of Another Tree', 'https://leetcode.com/problems/subtree-of-another-tree/', 'EASY'),
(52, 'Lowest Common Ancestor of a BST', 'https://leetcode.com/problems/lowest-common-ancestor-of-a-binary-search-tree/', 'EASY'),
(53, 'Binary Tree Level Order Traversal', 'https://leetcode.com/problems/binary-tree-level-order-traversal/', 'MEDIUM'),
(54, 'Binary Tree Right Side View', 'https://leetcode.com/problems/binary-tree-right-side-view/', 'MEDIUM'),
(55, 'Count Good Nodes in a Binary Tree', 'https://leetcode.com/problems/count-good-nodes-in-binary-tree/', 'MEDIUM'),
(56, 'Validate Binary Search Tree', 'https://leetcode.com/problems/validate-binary-search-tree/', 'MEDIUM'),
(57, 'Kth Smallest Element in a BST', 'https://leetcode.com/problems/kth-smallest-element-in-a-bst/', 'MEDIUM'),
(58, 'Construct Tree from Preorder and Inorder Traversal', 'https://leetcode.com/problems/construct-binary-tree-from-preorder-and-inorder-traversal/', 'MEDIUM'),
(59, 'Binary Tree Max Path Sum', 'https://leetcode.com/problems/binary-tree-maximum-path-sum/', 'HARD'),
(60, 'Serialize and Deserialize Binary Tree', 'https://leetcode.com/problems/serialize-and-deserialize-binary-tree/', 'HARD'),
(61, 'Implement Trie', 'https://leetcode.com/problems/implement-trie-prefix-tree/', 'MEDIUM'),
(62, 'Design Add and Search Word Data Structure', 'https://leetcode.com/problems/design-add-and-search-words-data-structure/', 'MEDIUM'),
(63, 'Word Search II', 'https://leetcode.com/problems/word-search-ii/', 'HARD'),
(64, 'Kth Largest Element in a Stream', 'https://leetcode.com/problems/kth-largest-element-in-a-stream/', 'EASY'),
(65, 'Last Stone Weight', 'https://leetcode.com/problems/last-stone-weight/', 'EASY'),
(66, 'K Closest Points to Origin', 'https://leetcode.com/problems/k-closest-points-to-origin/', 'MEDIUM'),
(67, 'Kth Largest Element in an Array', 'https://leetcode.com/problems/kth-largest-element-in-an-array/', 'MEDIUM'),
(68, 'Task Scheduler', 'https://leetcode.com/problems/task-scheduler/', 'MEDIUM'),
(69, 'Design Twitter', 'https://leetcode.com/problems/design-twitter/', 'MEDIUM'),
(70, 'Find Median from Data Stream', 'https://leetcode.com/problems/find-median-from-data-stream/', 'HARD'),
(71, 'Subsets', 'https://leetcode.com/problems/subsets/', 'MEDIUM'),
(72, 'Combination Sum', 'https://leetcode.com/problems/combination-sum/', 'MEDIUM'),
(73, 'Permutations', 'https://leetcode.com/problems/permutations/', 'MEDIUM'),
(74, 'Subsets II', 'https://leetcode.com/problems/subsets-ii/', 'MEDIUM'),
(75, 'Combination Sum II', 'https://leetcode.com/problems/combination-sum-ii/', 'MEDIUM'),
(76, 'Word Search', 'https://leetcode.com/problems/word-search/', 'MEDIUM'),
(77, 'Palindrome Partitioning', 'https://leetcode.com/problems/palindrome-partitioning/', 'MEDIUM'),
(78, 'Letter Combinations of a Phone Number', 'https://leetcode.com/problems/letter-combinations-of-a-phone-number/', 'MEDIUM'),
(79, 'N-Queens', 'https://leetcode.com/problems/n-queens/', 'HARD'),
(80, 'Number of Islands', 'https://leetcode.com/problems/number-of-islands/', 'MEDIUM'),
(81, 'Clone Graph', 'https://leetcode.com/problems/clone-graph/', 'MEDIUM'),
(82, 'Max Area of Island', 'https://leetcode.com/problems/max-area-of-island/', 'MEDIUM'),
(83, 'Pacific Atlantic Waterflow', 'https://leetcode.com/problems/pacific-atlantic-water-flow/', 'MEDIUM'),
(84, 'Surrounded Regions', 'https://leetcode.com/problems/surrounded-regions/', 'MEDIUM'),
(85, 'Rotting Oranges', 'https://leetcode.com/problems/rotting-oranges/', 'MEDIUM'),
(86, 'Walls and Gates', 'https://leetcode.com/problems/walls-and-gates/', 'MEDIUM'),
(87, 'Course Schedule', 'https://leetcode.com/problems/course-schedule/', 'MEDIUM'),
(88, 'Course Schedule II', 'https://leetcode.com/problems/course-schedule-ii/', 'MEDIUM'),
(89, 'Redundant Connection', 'https://leetcode.com/problems/redundant-connection/', 'MEDIUM'),
(90, 'Number of Connected Components in Graph', 'https://leetcode.com/problems/number-of-connected-components-in-an-undirected-graph/', 'MEDIUM'),
(91, 'Graph Valid Tree', 'https://leetcode.com/problems/graph-valid-tree/', 'MEDIUM'),
(92, 'Word Ladder', 'https://leetcode.com/problems/word-ladder/', 'HARD'),
(93, 'Reconstruct Itinerary', 'https://leetcode.com/problems/reconstruct-itinerary/', 'HARD'),
(94, 'Min Cost to Connect all Points', 'https://leetcode.com/problems/min-cost-to-connect-all-points/', 'MEDIUM'),
(95, 'Network Delay Time', 'https://leetcode.com/problems/network-delay-time/', 'MEDIUM'),
(96, 'Swim in Rising Water', 'https://leetcode.com/problems/swim-in-rising-water/', 'HARD'),
(97, 'Alien Dictionary', 'https://leetcode.com/problems/alien-dictionary/', 'HARD'),
(98, 'Cheapest Flights with K Stops', 'https://leetcode.com/problems/cheapest-flights-within-k-stops/', 'MEDIUM'),
(99, 'Climbing Stairs', 'https://leetcode.com/problems/climbing-stairs/', 'EASY'),
(100, 'Min Cost Climbing Stairs', 'https://leetcode.com/problems/min-cost-climbing-stairs/', 'EASY'),
(101, 'House Robber', 'https://leetcode.com/problems/house-robber/', 'MEDIUM'),
(102, 'House Robber II', 'https://leetcode.com/problems/house-robber-ii/', 'MEDIUM'),
(103, 'Longest Palindroming Substring', 'https://leetcode.com/problems/longest-palindromic-substring/', 'MEDIUM'),
(104, 'Palindrome Substrings', 'https://leetcode.com/problems/palindromic-substrings/', 'MEDIUM'),
(105, 'Decode Ways', 'https://leetcode.com/problems/decode-ways/', 'MEDIUM'),
(106, 'Coin Change', 'https://leetcode.com/problems/coin-change/', 'MEDIUM'),
(107, 'Maximum Product Subarray', 'https://leetcode.com/problems/maximum-product-subarray/', 'MEDIUM'),
(108, 'Word Break', 'https://leetcode.com/problems/word-break/', 'MEDIUM'),
(109, 'Longest Increasing Subsequence', 'https://leetcode.com/problems/longest-increasing-subsequence/', 'MEDIUM'),
(110, 'Partition Equal Subset Sum', 'https://leetcode.com/problems/partition-equal-subset-sum/', 'MEDIUM'),
(111, 'Unique Paths', 'https://leetcode.com/problems/unique-paths/', 'MEDIUM'),
(112, 'Longest Common Subsequence', 'https://leetcode.com/problems/longest-common-subsequence/', 'MEDIUM'),
(113, 'Best Time to Buy/Sell Stock With Cooldown', 'https://leetcode.com/problems/best-time-to-buy-and-sell-stock-with-cooldown/', 'MEDIUM'),
(114, 'Coin Change II', 'https://leetcode.com/problems/coin-change-2/', 'MEDIUM'),
(115, 'Target SUm', 'https://leetcode.com/problems/target-sum/', 'MEDIUM'),
(116, 'Interleaving String', 'https://leetcode.com/problems/interleaving-string/', 'MEDIUM'),
(117, 'Longest Increasing Path in a Matrix', 'https://leetcode.com/problems/longest-increasing-path-in-a-matrix/', 'HARD'),
(118, 'Distinct Subsequences', 'https://leetcode.com/problems/distinct-subsequences/', 'HARD'),
(119, 'Edit Distance', 'https://leetcode.com/problems/edit-distance/', 'HARD'),
(120, 'Burst Balloons', 'https://leetcode.com/problems/burst-balloons/', 'HARD'),
(121, 'Regular Expression Matching', 'https://leetcode.com/problems/regular-expression-matching/', 'HARD'),
(122, 'Maximum Subarray', 'https://leetcode.com/problems/maximum-subarray/', 'MEDIUM'),
(123, 'Jump Game', 'https://leetcode.com/problems/jump-game/', 'MEDIUM'),
(124, 'Jump Game II', 'https://leetcode.com/problems/jump-game-ii/', 'MEDIUM'),
(125, 'Gas Station', 'https://leetcode.com/problems/gas-station/', 'MEDIUM'),
(126, 'Hand of Straights', 'https://leetcode.com/problems/hand-of-straights/', 'MEDIUM'),
(127, 'Merge Triplets to Form Target Triplet', 'https://leetcode.com/problems/merge-triplets-to-form-target-triplet/', 'MEDIUM'),
(128, 'Partition Labels', 'https://leetcode.com/problems/partition-labels/', 'MEDIUM'),
(129, 'Valid Parenthesis String', 'https://leetcode.com/problems/valid-parenthesis-string/', 'MEDIUM'),
(130, 'Insert Interval', 'https://leetcode.com/problems/insert-interval/', 'MEDIUM'),
(131, 'Merge Intervals', 'https://leetcode.com/problems/merge-intervals/', 'MEDIUM'),
(132, 'Non-Overlapping Intervals', 'https://leetcode.com/problems/non-overlapping-intervals/', 'MEDIUM'),
(133, 'Meeting Rooms', 'https://leetcode.com/problems/meeting-rooms/', 'EASY'),
(134, 'Meeting Rooms II', 'https://leetcode.com/problems/meeting-rooms-ii/', 'MEDIUM'),
(135, 'Minimum Interval to Include Each Query', 'https://leetcode.com/problems/minimum-interval-to-include-each-query/', 'HARD'),
(136, 'Rotate Image', 'https://leetcode.com/problems/rotate-image/', 'MEDIUM'),
(137, 'Spiral Matrix', 'https://leetcode.com/problems/spiral-matrix/', 'MEDIUM'),
(138, 'Set Matrix Zeroes', 'https://leetcode.com/problems/set-matrix-zeroes/', 'MEDIUM'),
(139, 'Happy Number', 'https://leetcode.com/problems/happy-number/', 'EASY'),
(140, 'Plus One', 'https://leetcode.com/problems/plus-one/', 'EASY'),
(141, 'Pow(x, n)', 'https://leetcode.com/problems/powx-n/', 'MEDIUM'),
(142, 'Multiply Strings', 'https://leetcode.com/problems/multiply-strings/', 'MEDIUM'),
(143, 'Detect Squares', 'https://leetcode.com/problems/detect-squares/', 'MEDIUM'),
(144, 'Single Number', 'https://leetcode.com/problems/single-number/', 'EASY'),
(145, 'Number of 1 Bits', 'https://leetcode.com/problems/number-of-1-bits/', 'EASY'),
(146, 'Counting Bits', 'https://leetcode.com/problems/counting-bits/', 'EASY'),
(147, 'Reverse Bits', 'https://leetcode.com/problems/reverse-bits/', 'EASY'),
(148, 'Missing Number', 'https://leetcode.com/problems/missing-number/', 'EASY'),
(149, 'Sum of Two Integers', 'https://leetcode.com/problems/sum-of-two-integers/', 'MEDIUM'),
(150, 'Reverse Integer', 'https://leetcode.com/problems/reverse-integer/', 'MEDIUM')
ON CONFLICT (id) DO NOTHING;

-- 3. Map All 150 Problems to NeetCode Sheet Layout
INSERT INTO sheet_problems (sheet_id, problem_id, topic, display_order) VALUES
(1, 1, 'ARRAYS_AND_HASHING', 1),
(1, 2, 'ARRAYS_AND_HASHING', 2),
(1, 3, 'ARRAYS_AND_HASHING', 3),
(1, 4, 'ARRAYS_AND_HASHING', 4),
(1, 5, 'ARRAYS_AND_HASHING', 5),
(1, 6, 'ARRAYS_AND_HASHING', 6),
(1, 7, 'ARRAYS_AND_HASHING', 7),
(1, 8, 'ARRAYS_AND_HASHING', 8),
(1, 9, 'ARRAYS_AND_HASHING', 9),
(1, 10, 'TWO_POINTERS', 10),
(1, 11, 'TWO_POINTERS', 11),
(1, 12, 'TWO_POINTERS', 12),
(1, 13, 'TWO_POINTERS', 13),
(1, 14, 'TWO_POINTERS', 14),
(1, 15, 'SLIDING_WINDOW', 15),
(1, 16, 'SLIDING_WINDOW', 16),
(1, 17, 'SLIDING_WINDOW', 17),
(1, 18, 'SLIDING_WINDOW', 18),
(1, 19, 'SLIDING_WINDOW', 19),
(1, 20, 'SLIDING_WINDOW', 20),
(1, 21, 'STACK', 21),
(1, 22, 'STACK', 22),
(1, 23, 'STACK', 23),
(1, 24, 'STACK', 24),
(1, 25, 'STACK', 25),
(1, 26, 'STACK', 26),
(1, 27, 'STACK', 27),
(1, 28, 'BINARY_SEARCH', 28),
(1, 29, 'BINARY_SEARCH', 29),
(1, 30, 'BINARY_SEARCH', 30),
(1, 31, 'BINARY_SEARCH', 31),
(1, 32, 'BINARY_SEARCH', 32),
(1, 33, 'BINARY_SEARCH', 33),
(1, 34, 'BINARY_SEARCH', 34),
(1, 35, 'LINKED_LIST', 35),
(1, 36, 'LINKED_LIST', 36),
(1, 37, 'LINKED_LIST', 37),
(1, 38, 'LINKED_LIST', 38),
(1, 39, 'LINKED_LIST', 39),
(1, 40, 'LINKED_LIST', 40),
(1, 41, 'LINKED_LIST', 41),
(1, 42, 'LINKED_LIST', 42),
(1, 43, 'LINKED_LIST', 43),
(1, 44, 'LINKED_LIST', 44),
(1, 45, 'LINKED_LIST', 45),
(1, 46, 'TREES', 46),
(1, 47, 'TREES', 47),
(1, 48, 'TREES', 48),
(1, 49, 'TREES', 49),
(1, 50, 'TREES', 50),
(1, 51, 'TREES', 51),
(1, 52, 'TREES', 52),
(1, 53, 'TREES', 53),
(1, 54, 'TREES', 54),
(1, 55, 'TREES', 55),
(1, 56, 'TREES', 56),
(1, 57, 'TREES', 57),
(1, 58, 'TREES', 58),
(1, 59, 'TREES', 59),
(1, 60, 'TREES', 60),
(1, 61, 'TRIE', 61),
(1, 62, 'TRIE', 62),
(1, 63, 'TRIE', 63),
(1, 64, 'HEAP_PRIORITY_QUEUE', 64),
(1, 65, 'HEAP_PRIORITY_QUEUE', 65),
(1, 66, 'HEAP_PRIORITY_QUEUE', 66),
(1, 67, 'HEAP_PRIORITY_QUEUE', 67),
(1, 68, 'HEAP_PRIORITY_QUEUE', 68),
(1, 69, 'HEAP_PRIORITY_QUEUE', 69),
(1, 70, 'HEAP_PRIORITY_QUEUE', 70),
(1, 71, 'BACKTRACKING', 71),
(1, 72, 'BACKTRACKING', 72),
(1, 73, 'BACKTRACKING', 73),
(1, 74, 'BACKTRACKING', 74),
(1, 75, 'BACKTRACKING', 75),
(1, 76, 'BACKTRACKING', 76),
(1, 77, 'BACKTRACKING', 77),
(1, 78, 'BACKTRACKING', 78),
(1, 79, 'BACKTRACKING', 79),
(1, 80, 'GRAPHS', 80),
(1, 81, 'GRAPHS', 81),
(1, 82, 'GRAPHS', 82),
(1, 83, 'GRAPHS', 83),
(1, 84, 'GRAPHS', 84),
(1, 85, 'GRAPHS', 85),
(1, 86, 'GRAPHS', 86),
(1, 87, 'GRAPHS', 87),
(1, 88, 'GRAPHS', 88),
(1, 89, 'GRAPHS', 89),
(1, 90, 'GRAPHS', 90),
(1, 91, 'GRAPHS', 91),
(1, 92, 'GRAPHS', 92),
(1, 93, 'ADVANCED_GRAPHS', 93),
(1, 94, 'ADVANCED_GRAPHS', 94),
(1, 95, 'ADVANCED_GRAPHS', 95),
(1, 96, 'ADVANCED_GRAPHS', 96),
(1, 97, 'ADVANCED_GRAPHS', 97),
(1, 98, 'ADVANCED_GRAPHS', 98),
(1, 99, 'DYNAMIC_PROGRAMMING', 99),
(1, 100, 'DYNAMIC_PROGRAMMING', 100),
(1, 101, 'DYNAMIC_PROGRAMMING', 101),
(1, 102, 'DYNAMIC_PROGRAMMING', 102),
(1, 103, 'DYNAMIC_PROGRAMMING', 103),
(1, 104, 'DYNAMIC_PROGRAMMING', 104),
(1, 105, 'DYNAMIC_PROGRAMMING', 105),
(1, 106, 'DYNAMIC_PROGRAMMING', 106),
(1, 107, 'DYNAMIC_PROGRAMMING', 107),
(1, 108, 'DYNAMIC_PROGRAMMING', 108),
(1, 109, 'DYNAMIC_PROGRAMMING', 109),
(1, 110, 'DYNAMIC_PROGRAMMING', 110),
(1, 111, 'DYNAMIC_PROGRAMMING', 111),
(1, 112, 'DYNAMIC_PROGRAMMING', 112),
(1, 113, 'DYNAMIC_PROGRAMMING', 113),
(1, 114, 'DYNAMIC_PROGRAMMING', 114),
(1, 115, 'DYNAMIC_PROGRAMMING', 115),
(1, 116, 'DYNAMIC_PROGRAMMING', 116),
(1, 117, 'DYNAMIC_PROGRAMMING', 117),
(1, 118, 'DYNAMIC_PROGRAMMING', 118),
(1, 119, 'DYNAMIC_PROGRAMMING', 119),
(1, 120, 'DYNAMIC_PROGRAMMING', 120),
(1, 121, 'DYNAMIC_PROGRAMMING', 121),
(1, 122, 'GREEDY', 122),
(1, 123, 'GREEDY', 123),
(1, 124, 'GREEDY', 124),
(1, 125, 'GREEDY', 125),
(1, 126, 'GREEDY', 126),
(1, 127, 'GREEDY', 127),
(1, 128, 'GREEDY', 128),
(1, 129, 'GREEDY', 129),
(1, 130, 'INTERVALS', 130),
(1, 131, 'INTERVALS', 131),
(1, 132, 'INTERVALS', 132),
(1, 133, 'INTERVALS', 133),
(1, 134, 'INTERVALS', 134),
(1, 135, 'INTERVALS', 135),
(1, 136, 'MATH_AND_GEOMETRY', 136),
(1, 137, 'MATH_AND_GEOMETRY', 137),
(1, 138, 'MATH_AND_GEOMETRY', 138),
(1, 139, 'MATH_AND_GEOMETRY', 139),
(1, 140, 'MATH_AND_GEOMETRY', 140),
(1, 141, 'MATH_AND_GEOMETRY', 141),
(1, 142, 'MATH_AND_GEOMETRY', 142),
(1, 143, 'MATH_AND_GEOMETRY', 143),
(1, 144, 'BIT_MANIPULATION', 144),
(1, 145, 'BIT_MANIPULATION', 145),
(1, 146, 'BIT_MANIPULATION', 146),
(1, 147, 'BIT_MANIPULATION', 147),
(1, 148, 'BIT_MANIPULATION', 148),
(1, 149, 'BIT_MANIPULATION', 149),
(1, 150, 'BIT_MANIPULATION', 150)
ON CONFLICT (sheet_id, problem_id) DO NOTHING;

-- 4. Seed 151 Striver-only problems (ids 250–400)
--    (problems shared with NeetCode are skipped here; see sheet_problems below)
INSERT INTO problems (id, title, leetcode_url, difficulty) VALUES
(250, 'Check Palindrome', 'https://leetcode.com/problems/palindrome-number/', 'EASY'),
(251, 'Armstrong Numbers', 'https://leetcode.com/problems/armstrong-number/', 'EASY'),
(252, 'Fibonacci Number', 'https://leetcode.com/problems/fibonacci-number/', 'EASY'),
(253, 'Find the highest/lowest frequency element', 'https://leetcode.com/problems/frequency-of-the-most-frequent-element/', 'EASY'),
(254, 'Check if the array is sorted', 'https://leetcode.com/problems/check-if-array-is-sorted-and-rotated/', 'EASY'),
(255, 'Remove duplicates from Sorted array', 'https://leetcode.com/problems/remove-duplicates-from-sorted-array/', 'EASY'),
(256, 'Left Rotate an array by one place', 'https://leetcode.com/problems/rotate-array/', 'EASY'),
(257, 'Move Zeros to end', 'https://leetcode.com/problems/move-zeroes/', 'EASY'),
(258, 'Maximum Consecutive Ones', 'https://leetcode.com/problems/max-consecutive-ones/', 'EASY'),
(259, 'Sort an array of 0''s 1''s and 2''s', 'https://leetcode.com/problems/sort-colors/', 'MEDIUM'),
(260, 'Majority Element (>n/2 times)', 'https://leetcode.com/problems/majority-element/', 'EASY'),
(261, 'Rearrange the array in alternating positive and negative items', 'https://leetcode.com/problems/rearrange-array-elements-by-sign/', 'MEDIUM'),
(262, 'Next Permutation', 'https://leetcode.com/problems/next-permutation/', 'MEDIUM'),
(263, 'Count subarrays with given sum', 'https://leetcode.com/problems/subarray-sum-equals-k/', 'EASY'),
(264, 'Pascal''s Triangle', 'https://leetcode.com/problems/pascals-triangle/', 'MEDIUM'),
(265, 'Majority Element (n/3 times)', 'https://leetcode.com/problems/majority-element-ii/', 'MEDIUM'),
(266, '4-Sum Problem', 'https://leetcode.com/problems/4sum/', 'HARD'),
(267, 'Merge two sorted arrays without extra space', 'https://leetcode.com/problems/merge-sorted-array/', 'MEDIUM'),
(268, 'Reverse Pairs', 'https://leetcode.com/problems/reverse-pairs/', 'HARD'),
(269, 'Search Insert Position', 'https://leetcode.com/problems/search-insert-position/', 'EASY'),
(270, 'Find the first or last occurrence of a given number in a sorted array', 'https://leetcode.com/problems/find-first-and-last-position-of-element-in-sorted-array/', 'EASY'),
(271, 'Search in Rotated Sorted Array II', 'https://leetcode.com/problems/search-in-rotated-sorted-array-ii/', 'MEDIUM'),
(272, 'Single element in a Sorted Array', 'https://leetcode.com/problems/single-element-in-a-sorted-array/', 'EASY'),
(273, 'Find peak element', 'https://leetcode.com/problems/find-peak-element/', 'HARD'),
(274, 'Minimum days to make M bouquets', 'https://leetcode.com/problems/minimum-number-of-days-to-make-m-bouquets/', 'HARD'),
(275, 'Find the smallest Divisor', 'https://leetcode.com/problems/find-the-smallest-divisor-given-a-threshold/', 'EASY'),
(276, 'Capacity to Ship Packages within D Days', 'https://leetcode.com/problems/capacity-to-ship-packages-within-d-days/', 'HARD'),
(277, 'Kth Missing Positive Number', 'https://leetcode.com/problems/kth-missing-positive-number/', 'EASY'),
(278, 'Split array - Largest Sum', 'https://leetcode.com/problems/split-array-largest-sum/', 'HARD'),
(279, 'Minimize Max Distance to Gas Station', 'https://leetcode.com/problems/minimize-max-distance-to-gas-station/', 'HARD'),
(280, 'Search in a row and column wise sorted matrix', 'https://leetcode.com/problems/search-a-2d-matrix-ii/', 'MEDIUM'),
(281, 'Find Peak Element (2D Matrix)', 'https://leetcode.com/problems/find-a-peak-element-ii/', 'HARD'),
(282, 'Remove outermost Paranthesis', 'https://leetcode.com/problems/remove-outermost-parentheses/', 'EASY'),
(283, 'Reverse words in a given string / Palindrome Check', 'https://leetcode.com/problems/reverse-words-in-a-string/', 'EASY'),
(284, 'Largest odd number in a string', 'https://leetcode.com/problems/largest-odd-number-in-string/', 'EASY'),
(285, 'Longest Common Prefix', 'https://leetcode.com/problems/longest-common-prefix/', 'EASY'),
(286, 'Isomorphic String', 'https://leetcode.com/problems/isomorphic-strings/', 'EASY'),
(287, 'check whether one string is a rotation of another', 'https://leetcode.com/problems/rotate-string/', 'MEDIUM'),
(288, 'Sort Characters by frequency', 'https://leetcode.com/problems/sort-characters-by-frequency/', 'EASY'),
(289, 'Maximum Nesting Depth of Paranthesis', 'https://leetcode.com/problems/maximum-nesting-depth-of-the-parentheses/', 'EASY'),
(290, 'Roman Number to Integer and vice versa', 'https://leetcode.com/problems/roman-to-integer/', 'EASY'),
(291, 'Implement Atoi', 'https://leetcode.com/problems/string-to-integer-atoi/', 'MEDIUM'),
(292, 'Sum of Beauty of all substring', 'https://leetcode.com/problems/sum-of-beauty-of-all-substrings/', 'MEDIUM'),
(293, 'Deleting a node in LinkedList', 'https://leetcode.com/problems/delete-node-in-a-linked-list/', 'MEDIUM'),
(294, 'Middle of a LinkedList [TortoiseHare Method]', 'https://leetcode.com/problems/middle-of-the-linked-list/', 'EASY'),
(295, 'Find the starting point in LL', 'https://leetcode.com/problems/linked-list-cycle-ii/', 'MEDIUM'),
(296, 'Check if LL is palindrome or not', 'https://leetcode.com/problems/palindrome-linked-list/', 'MEDIUM'),
(297, 'Segrregate odd and even nodes in LL', 'https://leetcode.com/problems/odd-even-linked-list/', 'MEDIUM'),
(298, 'Delete the middle node of LL', 'https://leetcode.com/problems/delete-the-middle-node-of-a-linked-list/', 'MEDIUM'),
(299, 'Sort LL', 'https://leetcode.com/problems/sort-list/', 'MEDIUM'),
(300, 'Find the intersection point of Y LL', 'https://leetcode.com/problems/intersection-of-two-linked-lists/', 'MEDIUM'),
(301, 'Rotate a LL', 'https://leetcode.com/problems/rotate-list/', 'MEDIUM'),
(302, 'Count Good numbers', 'https://leetcode.com/problems/count-good-numbers/', 'EASY'),
(303, 'Combination Sum - III', 'https://leetcode.com/problems/combination-sum-iii/', 'HARD'),
(304, 'Sudoko Solver', 'https://leetcode.com/problems/sudoku-solver/', 'HARD'),
(305, 'Expression Add Operators', 'https://leetcode.com/problems/expression-add-operators/', 'HARD'),
(306, 'Check if a number is power of 2 or not', 'https://leetcode.com/problems/power-of-two/', 'EASY'),
(307, 'Divide two integers without using multiplication, division and mod operator', 'https://leetcode.com/problems/divide-two-integers/', 'MEDIUM'),
(308, 'Count number of bits to be flipped to convert A to B', 'https://leetcode.com/problems/minimum-bit-flips-to-convert-number/', 'MEDIUM'),
(309, 'Sieve of Eratosthenes', 'https://leetcode.com/problems/count-primes/', 'MEDIUM'),
(310, 'Implement Stack using Queue', 'https://leetcode.com/problems/implement-stack-using-queues/', 'MEDIUM'),
(311, 'Implement Queue using Stack', 'https://leetcode.com/problems/implement-queue-using-stacks/', 'MEDIUM'),
(312, 'Next Greater Element', 'https://leetcode.com/problems/next-greater-element-i/', 'EASY'),
(313, 'Next Greater Element 2', 'https://leetcode.com/problems/next-greater-element-ii/', 'MEDIUM'),
(314, 'Sum of subarray minimum', 'https://leetcode.com/problems/sum-of-subarray-minimums/', 'MEDIUM'),
(315, 'Asteroid Collision', 'https://leetcode.com/problems/asteroid-collision/', 'MEDIUM'),
(316, 'Sum of subarray ranges', 'https://leetcode.com/problems/sum-of-subarray-ranges/', 'MEDIUM'),
(317, 'Remove k Digits', 'https://leetcode.com/problems/remove-k-digits/', 'MEDIUM'),
(318, 'Maximal Rectangles', 'https://leetcode.com/problems/maximal-rectangle/', 'HARD'),
(319, 'Stock span problem', 'https://leetcode.com/problems/online-stock-span/', 'MEDIUM'),
(320, 'LFU cache', 'https://leetcode.com/problems/lfu-cache/', 'HARD'),
(321, 'Max Consecutive Ones III', 'https://leetcode.com/problems/max-consecutive-ones-iii/', 'MEDIUM'),
(322, 'Binary subarray with sum', 'https://leetcode.com/problems/binary-subarrays-with-sum/', 'EASY'),
(323, 'Count number of nice subarrays', 'https://leetcode.com/problems/count-number-of-nice-subarrays/', 'MEDIUM'),
(324, 'Number of substring containing all three characters', 'https://leetcode.com/problems/number-of-substrings-containing-all-three-characters/', 'MEDIUM'),
(325, 'Maximum point you can obtain from cards', 'https://leetcode.com/problems/maximum-points-you-can-obtain-from-cards/', 'MEDIUM'),
(326, 'Longest Substring with At Most K Distinct Characters', 'https://leetcode.com/problems/longest-substring-with-at-most-k-distinct-characters/', 'MEDIUM'),
(327, 'Subarray with k different integers', 'https://leetcode.com/problems/subarrays-with-k-different-integers/', 'HARD'),
(328, 'Minimum Window Subsequence', 'https://leetcode.com/problems/minimum-window-subsequence/', 'HARD'),
(329, 'Assign Cookies', 'https://leetcode.com/problems/assign-cookies/', 'EASY'),
(330, 'Lemonade Change', 'https://leetcode.com/problems/lemonade-change/', 'EASY'),
(331, 'Candy', 'https://leetcode.com/problems/candy/', 'HARD'),
(332, 'Preorder Traversal of Binary Tree', 'https://leetcode.com/problems/binary-tree-preorder-traversal/', 'EASY'),
(333, 'Inorder Traversal of Binary Tree', 'https://leetcode.com/problems/binary-tree-inorder-traversal/', 'EASY'),
(334, 'Post-order Traversal of Binary Tree', 'https://leetcode.com/problems/binary-tree-postorder-traversal/', 'EASY'),
(335, 'Zig Zag Traversal of Binary Tree', 'https://leetcode.com/problems/binary-tree-zigzag-level-order-traversal/', 'EASY'),
(336, 'Boundary Traversal of Binary Tree', 'https://leetcode.com/problems/boundary-of-binary-tree/', 'MEDIUM'),
(337, 'Vertical Order Traversal of Binary Tree', 'https://leetcode.com/problems/vertical-order-traversal-of-a-binary-tree/', 'EASY'),
(338, 'Symmetric Binary Tree', 'https://leetcode.com/problems/symmetric-tree/', 'MEDIUM'),
(339, 'LCA in Binary Tree', 'https://leetcode.com/problems/lowest-common-ancestor-of-a-binary-tree/', 'MEDIUM'),
(340, 'Maximum width of a Binary Tree', 'https://leetcode.com/problems/maximum-width-of-binary-tree/', 'MEDIUM'),
(341, 'Print all the Nodes at a distance of K in a Binary Tree', 'https://leetcode.com/problems/all-nodes-distance-k-in-binary-tree/', 'MEDIUM'),
(342, 'Count total Nodes in a COMPLETE Binary Tree', 'https://leetcode.com/problems/count-complete-tree-nodes/', 'MEDIUM'),
(343, 'Construct the Binary Tree from Postorder and Inorder Traversal', 'https://leetcode.com/problems/construct-binary-tree-from-inorder-and-postorder-traversal/', 'HARD'),
(344, 'Flatten Binary Tree to LinkedList', 'https://leetcode.com/problems/flatten-binary-tree-to-linked-list/', 'HARD'),
(345, 'Search in a Binary Search Tree', 'https://leetcode.com/problems/search-in-a-binary-search-tree/', 'EASY'),
(346, 'Insert a given Node in Binary Search Tree', 'https://leetcode.com/problems/insert-into-a-binary-search-tree/', 'EASY'),
(347, 'Delete a Node in Binary Search Tree', 'https://leetcode.com/problems/delete-node-in-a-bst/', 'MEDIUM'),
(348, 'Construct a BST from a preorder traversal', 'https://leetcode.com/problems/construct-binary-search-tree-from-preorder-traversal/', 'MEDIUM'),
(349, 'Inorder Successor/Predecessor in BST', 'https://leetcode.com/problems/inorder-successor-in-bst/', 'MEDIUM'),
(350, 'Merge 2 BST''s', 'https://leetcode.com/problems/binary-search-tree-iterator/', 'HARD'),
(351, 'Two Sum In BST | Check if there exists a pair with Sum K', 'https://leetcode.com/problems/two-sum-iv-input-is-a-bst/', 'MEDIUM'),
(352, 'Recover BST | Correct BST with two nodes swapped', 'https://leetcode.com/problems/recover-binary-search-tree/', 'HARD'),
(353, 'Number of provinces (leetcode)', 'https://leetcode.com/problems/number-of-provinces/', 'MEDIUM'),
(354, 'Flood fill', 'https://leetcode.com/problems/flood-fill/', 'HARD'),
(355, '0/1 Matrix (Bfs Problem)', 'https://leetcode.com/problems/01-matrix/', 'MEDIUM'),
(356, 'Number of Enclaves [flood fill implementation - multisource]', 'https://leetcode.com/problems/number-of-enclaves/', 'HARD'),
(357, 'Word ladder - 2', 'https://leetcode.com/problems/word-ladder-ii/', 'HARD'),
(358, 'Number of Distinct Islands [dfs multisource]', 'https://leetcode.com/problems/number-of-distinct-islands-ii/', 'HARD'),
(359, 'Bipartite Graph (DFS)', 'https://leetcode.com/problems/is-graph-bipartite/', 'MEDIUM'),
(360, 'Find eventual safe states', 'https://leetcode.com/problems/find-eventual-safe-states/', 'HARD'),
(361, 'Shortest path in a binary maze', 'https://leetcode.com/problems/shortest-path-in-binary-matrix/', 'MEDIUM'),
(362, 'Path with minimum effort', 'https://leetcode.com/problems/path-with-minimum-effort/', 'MEDIUM'),
(363, 'Number of ways to arrive at destination', 'https://leetcode.com/problems/number-of-ways-to-arrive-at-destination/', 'MEDIUM'),
(364, 'Find the city with the smallest number of neighbors in a threshold distance', 'https://leetcode.com/problems/find-the-city-with-the-smallest-number-of-neighbors-at-a-threshold-distance/', 'HARD'),
(365, 'Number of operations to make network connected', 'https://leetcode.com/problems/number-of-operations-to-make-network-connected/', 'MEDIUM'),
(366, 'Most stones removed with same rows or columns', 'https://leetcode.com/problems/most-stones-removed-with-same-row-or-column/', 'MEDIUM'),
(367, 'Accounts merge', 'https://leetcode.com/problems/accounts-merge/', 'HARD'),
(368, 'Number of island II', 'https://leetcode.com/problems/number-of-islands-ii/', 'HARD'),
(369, 'Making a Large Island', 'https://leetcode.com/problems/making-a-large-island/', 'HARD'),
(370, 'Bridges in Graph', 'https://leetcode.com/problems/critical-connections-in-a-network/', 'HARD'),
(371, 'Grid Unique Paths 2 (DP 9)', 'https://leetcode.com/problems/unique-paths-ii/', 'MEDIUM'),
(372, 'Minimum path sum in Grid (DP 10)', 'https://leetcode.com/problems/minimum-path-sum/', 'MEDIUM'),
(373, 'Minimum path sum in Triangular Grid (DP 11)', 'https://leetcode.com/problems/triangle/', 'MEDIUM'),
(374, 'Minimum/Maximum Falling Path Sum (DP-12)', 'https://leetcode.com/problems/minimum-falling-path-sum/', 'MEDIUM'),
(375, 'Partition Set Into 2 Subsets With Min Absolute Sum Diff (DP- 16)', 'https://leetcode.com/problems/partition-array-into-two-arrays-to-minimize-sum-difference/', 'MEDIUM'),
(376, 'Longest Palindromic Subsequence | (DP-28)', 'https://leetcode.com/problems/longest-palindromic-subsequence/', 'HARD'),
(377, 'Minimum insertions to make string palindrome | DP-29', 'https://leetcode.com/problems/minimum-insertion-steps-to-make-a-string-palindrome/', 'HARD'),
(378, 'Minimum Insertions/Deletions to Convert String | (DP- 30)', 'https://leetcode.com/problems/delete-operation-for-two-strings/', 'HARD'),
(379, 'Shortest Common Supersequence | (DP - 31)', 'https://leetcode.com/problems/shortest-common-supersequence/', 'HARD'),
(380, 'Wildcard Matching | (DP-34)', 'https://leetcode.com/problems/wildcard-matching/', 'MEDIUM'),
(381, 'Buy and Sell Stock - II|(DP-36)', 'https://leetcode.com/problems/best-time-to-buy-and-sell-stock-ii/', 'HARD'),
(382, 'Buy and Sell Stocks III|(DP-37)', 'https://leetcode.com/problems/best-time-to-buy-and-sell-stock-iii/', 'HARD'),
(383, 'Buy and Stock Sell IV |(DP-38)', 'https://leetcode.com/problems/best-time-to-buy-and-sell-stock-iv/', 'HARD'),
(384, 'Buy and Sell Stocks With Transaction Fee|(DP-40)', 'https://leetcode.com/problems/best-time-to-buy-and-sell-stock-with-transaction-fee/', 'HARD'),
(385, 'Largest Divisible Subset|(DP-44)', 'https://leetcode.com/problems/largest-divisible-subset/', 'HARD'),
(386, 'Longest String Chain|(DP-45)', 'https://leetcode.com/problems/longest-string-chain/', 'HARD'),
(387, 'Number of Longest Increasing Subsequences|(DP-47)', 'https://leetcode.com/problems/number-of-longest-increasing-subsequence/', 'HARD'),
(388, 'Minimum Cost to Cut the Stick|(DP-50)', 'https://leetcode.com/problems/minimum-cost-to-cut-a-stick/', 'HARD'),
(389, 'Evaluate Boolean Expression to True|(DP-52)', 'https://leetcode.com/problems/parsing-a-boolean-expression/', 'HARD'),
(390, 'Palindrome Partitioning - II|(DP-53)', 'https://leetcode.com/problems/palindrome-partitioning-ii/', 'HARD'),
(391, 'Partition Array for Maximum Sum|(DP-54)', 'https://leetcode.com/problems/partition-array-for-maximum-sum/', 'HARD'),
(392, 'Count Square Submatrices with All Ones|(DP-56)', 'https://leetcode.com/problems/count-square-submatrices-with-all-ones/', 'HARD'),
(393, 'Maximum XOR of two numbers in an array', 'https://leetcode.com/problems/maximum-xor-of-two-numbers-in-an-array/', 'MEDIUM'),
(394, 'Maximum XOR With an Element From Array', 'https://leetcode.com/problems/maximum-xor-with-an-element-from-array/', 'HARD'),
(395, 'Minimum number of bracket reversals needed to make an expression balanced', 'https://leetcode.com/problems/minimum-add-to-make-parentheses-valid/', 'MEDIUM'),
(396, 'Count and say', 'https://leetcode.com/problems/count-and-say/', 'MEDIUM'),
(397, 'Rabin Karp', 'https://leetcode.com/problems/repeated-string-match/', 'HARD'),
(398, 'Z-Function', 'https://leetcode.com/problems/implement-strstr/', 'EASY'),
(399, 'Shortest Palindrome', 'https://leetcode.com/problems/shortest-palindrome/', 'HARD'),
(400, 'Longest happy prefix', 'https://leetcode.com/problems/longest-happy-prefix/', 'HARD')
ON CONFLICT (id) DO NOTHING;
 
-- 5. Map all 268 Striver problems to sheet_problems
--    (105 of these reuse existing NeetCode problem IDs)
INSERT INTO sheet_problems (sheet_id, problem_id, topic, display_order) VALUES
(2, 150, 'ARRAYS_AND_HASHING', 1),
(2, 250, 'ARRAYS_AND_HASHING', 2),
(2, 251, 'ARRAYS_AND_HASHING', 3),
(2, 10, 'ARRAYS_AND_HASHING', 4),
(2, 252, 'ARRAYS_AND_HASHING', 5),
(2, 253, 'ARRAYS_AND_HASHING', 6),
(2, 254, 'ARRAYS_AND_HASHING', 7),
(2, 255, 'ARRAYS_AND_HASHING', 8),
(2, 256, 'ARRAYS_AND_HASHING', 9),
(2, 256, 'ARRAYS_AND_HASHING', 10),
(2, 257, 'ARRAYS_AND_HASHING', 11),
(2, 148, 'ARRAYS_AND_HASHING', 12),
(2, 258, 'ARRAYS_AND_HASHING', 13),
(2, 144, 'ARRAYS_AND_HASHING', 14),
(2, 3, 'ARRAYS_AND_HASHING', 15),
(2, 259, 'ARRAYS_AND_HASHING', 16),
(2, 260, 'ARRAYS_AND_HASHING', 17),
(2, 122, 'ARRAYS_AND_HASHING', 18),
(2, 15, 'ARRAYS_AND_HASHING', 19),
(2, 261, 'ARRAYS_AND_HASHING', 20),
(2, 262, 'ARRAYS_AND_HASHING', 21),
(2, 9, 'ARRAYS_AND_HASHING', 22),
(2, 138, 'ARRAYS_AND_HASHING', 23),
(2, 136, 'ARRAYS_AND_HASHING', 24),
(2, 137, 'ARRAYS_AND_HASHING', 25),
(2, 263, 'ARRAYS_AND_HASHING', 26),
(2, 264, 'ARRAYS_AND_HASHING', 27),
(2, 265, 'ARRAYS_AND_HASHING', 28),
(2, 12, 'ARRAYS_AND_HASHING', 29),
(2, 266, 'ARRAYS_AND_HASHING', 30),
(2, 131, 'ARRAYS_AND_HASHING', 31),
(2, 267, 'ARRAYS_AND_HASHING', 32),
(2, 268, 'ARRAYS_AND_HASHING', 33),
(2, 107, 'ARRAYS_AND_HASHING', 34),
(2, 28, 'BINARY_SEARCH', 35),
(2, 269, 'BINARY_SEARCH', 36),
(2, 270, 'BINARY_SEARCH', 37),
(2, 31, 'BINARY_SEARCH', 38),
(2, 271, 'BINARY_SEARCH', 39),
(2, 32, 'BINARY_SEARCH', 40),
(2, 272, 'BINARY_SEARCH', 41),
(2, 273, 'BINARY_SEARCH', 42),
(2, 30, 'BINARY_SEARCH', 43),
(2, 274, 'BINARY_SEARCH', 44),
(2, 275, 'BINARY_SEARCH', 45),
(2, 276, 'BINARY_SEARCH', 46),
(2, 277, 'BINARY_SEARCH', 47),
(2, 278, 'BINARY_SEARCH', 48),
(2, 279, 'BINARY_SEARCH', 49),
(2, 34, 'BINARY_SEARCH', 50),
(2, 29, 'BINARY_SEARCH', 51),
(2, 280, 'BINARY_SEARCH', 52),
(2, 281, 'BINARY_SEARCH', 53),
(2, 282, 'SLIDING_WINDOW', 54),
(2, 283, 'SLIDING_WINDOW', 55),
(2, 284, 'SLIDING_WINDOW', 56),
(2, 285, 'SLIDING_WINDOW', 57),
(2, 286, 'SLIDING_WINDOW', 58),
(2, 287, 'SLIDING_WINDOW', 59),
(2, 2, 'SLIDING_WINDOW', 60),
(2, 288, 'SLIDING_WINDOW', 61),
(2, 289, 'SLIDING_WINDOW', 62),
(2, 290, 'SLIDING_WINDOW', 63),
(2, 291, 'SLIDING_WINDOW', 64),
(2, 103, 'SLIDING_WINDOW', 65),
(2, 292, 'SLIDING_WINDOW', 66),
(2, 283, 'SLIDING_WINDOW', 67),
(2, 293, 'LINKED_LIST', 68),
(2, 294, 'LINKED_LIST', 69),
(2, 35, 'LINKED_LIST', 70),
(2, 35, 'LINKED_LIST', 71),
(2, 41, 'LINKED_LIST', 72),
(2, 295, 'LINKED_LIST', 73),
(2, 296, 'LINKED_LIST', 74),
(2, 297, 'LINKED_LIST', 75),
(2, 38, 'LINKED_LIST', 76),
(2, 298, 'LINKED_LIST', 77),
(2, 299, 'LINKED_LIST', 78),
(2, 300, 'LINKED_LIST', 79),
(2, 40, 'LINKED_LIST', 80),
(2, 45, 'LINKED_LIST', 81),
(2, 301, 'LINKED_LIST', 82),
(2, 39, 'LINKED_LIST', 83),
(2, 291, 'RECURSION', 84),
(2, 141, 'RECURSION', 85),
(2, 302, 'RECURSION', 86),
(2, 24, 'RECURSION', 87),
(2, 71, 'RECURSION', 88),
(2, 72, 'RECURSION', 89),
(2, 75, 'RECURSION', 90),
(2, 74, 'RECURSION', 91),
(2, 303, 'RECURSION', 92),
(2, 78, 'RECURSION', 93),
(2, 77, 'RECURSION', 94),
(2, 76, 'RECURSION', 95),
(2, 79, 'RECURSION', 96),
(2, 108, 'RECURSION', 97),
(2, 304, 'RECURSION', 98),
(2, 305, 'RECURSION', 99),
(2, 306, 'BIT_MANIPULATION', 100),
(2, 307, 'BIT_MANIPULATION', 101),
(2, 308, 'BIT_MANIPULATION', 102),
(2, 144, 'BIT_MANIPULATION', 103),
(2, 71, 'BIT_MANIPULATION', 104),
(2, 309, 'BIT_MANIPULATION', 105),
(2, 141, 'BIT_MANIPULATION', 106),
(2, 310, 'STACK', 107),
(2, 311, 'STACK', 108),
(2, 21, 'STACK', 109),
(2, 22, 'STACK', 110),
(2, 312, 'STACK', 111),
(2, 313, 'STACK', 112),
(2, 14, 'STACK', 113),
(2, 314, 'STACK', 114),
(2, 315, 'STACK', 115),
(2, 316, 'STACK', 116),
(2, 317, 'STACK', 117),
(2, 27, 'STACK', 118),
(2, 318, 'STACK', 119),
(2, 20, 'STACK', 120),
(2, 319, 'STACK', 121),
(2, 43, 'STACK', 122),
(2, 320, 'STACK', 123),
(2, 16, 'SLIDING_WINDOW', 124),
(2, 321, 'SLIDING_WINDOW', 125),
(2, 17, 'SLIDING_WINDOW', 126),
(2, 322, 'SLIDING_WINDOW', 127),
(2, 323, 'SLIDING_WINDOW', 128),
(2, 324, 'SLIDING_WINDOW', 129),
(2, 325, 'SLIDING_WINDOW', 130),
(2, 326, 'SLIDING_WINDOW', 131),
(2, 327, 'SLIDING_WINDOW', 132),
(2, 19, 'SLIDING_WINDOW', 133),
(2, 328, 'SLIDING_WINDOW', 134),
(2, 67, 'HEAP_PRIORITY_QUEUE', 135),
(2, 44, 'HEAP_PRIORITY_QUEUE', 136),
(2, 68, 'HEAP_PRIORITY_QUEUE', 137),
(2, 126, 'HEAP_PRIORITY_QUEUE', 138),
(2, 69, 'HEAP_PRIORITY_QUEUE', 139),
(2, 64, 'HEAP_PRIORITY_QUEUE', 140),
(2, 70, 'HEAP_PRIORITY_QUEUE', 141),
(2, 5, 'HEAP_PRIORITY_QUEUE', 142),
(2, 329, 'GREEDY', 143),
(2, 330, 'GREEDY', 144),
(2, 129, 'GREEDY', 145),
(2, 123, 'GREEDY', 146),
(2, 124, 'GREEDY', 147),
(2, 331, 'GREEDY', 148),
(2, 130, 'GREEDY', 149),
(2, 131, 'GREEDY', 150),
(2, 132, 'GREEDY', 151),
(2, 332, 'TREES', 152),
(2, 333, 'TREES', 153),
(2, 334, 'TREES', 154),
(2, 53, 'TREES', 155),
(2, 332, 'TREES', 156),
(2, 333, 'TREES', 157),
(2, 334, 'TREES', 158),
(2, 334, 'TREES', 159),
(2, 47, 'TREES', 160),
(2, 49, 'TREES', 161),
(2, 48, 'TREES', 162),
(2, 59, 'TREES', 163),
(2, 50, 'TREES', 164),
(2, 335, 'TREES', 165),
(2, 336, 'TREES', 166),
(2, 337, 'TREES', 167),
(2, 54, 'TREES', 168),
(2, 338, 'TREES', 169),
(2, 339, 'TREES', 170),
(2, 340, 'TREES', 171),
(2, 341, 'TREES', 172),
(2, 342, 'TREES', 173),
(2, 58, 'TREES', 174),
(2, 343, 'TREES', 175),
(2, 60, 'TREES', 176),
(2, 333, 'TREES', 177),
(2, 333, 'TREES', 178),
(2, 344, 'TREES', 179),
(2, 345, 'BINARY_SEARCH_TREES', 180),
(2, 346, 'BINARY_SEARCH_TREES', 181),
(2, 347, 'BINARY_SEARCH_TREES', 182),
(2, 57, 'BINARY_SEARCH_TREES', 183),
(2, 56, 'BINARY_SEARCH_TREES', 184),
(2, 52, 'BINARY_SEARCH_TREES', 185),
(2, 348, 'BINARY_SEARCH_TREES', 186),
(2, 349, 'BINARY_SEARCH_TREES', 187),
(2, 350, 'BINARY_SEARCH_TREES', 188),
(2, 351, 'BINARY_SEARCH_TREES', 189),
(2, 352, 'BINARY_SEARCH_TREES', 190),
(2, 90, 'GRAPHS', 191),
(2, 353, 'GRAPHS', 192),
(2, 85, 'GRAPHS', 193),
(2, 354, 'GRAPHS', 194),
(2, 355, 'GRAPHS', 195),
(2, 84, 'GRAPHS', 196),
(2, 356, 'GRAPHS', 197),
(2, 92, 'GRAPHS', 198),
(2, 357, 'GRAPHS', 199),
(2, 358, 'GRAPHS', 200),
(2, 359, 'GRAPHS', 201),
(2, 88, 'GRAPHS', 202),
(2, 87, 'GRAPHS', 203),
(2, 88, 'GRAPHS', 204),
(2, 360, 'GRAPHS', 205),
(2, 97, 'GRAPHS', 206),
(2, 361, 'GRAPHS', 207),
(2, 362, 'GRAPHS', 208),
(2, 98, 'GRAPHS', 209),
(2, 95, 'GRAPHS', 210),
(2, 363, 'GRAPHS', 211),
(2, 364, 'GRAPHS', 212),
(2, 365, 'GRAPHS', 213),
(2, 366, 'GRAPHS', 214),
(2, 367, 'GRAPHS', 215),
(2, 368, 'GRAPHS', 216),
(2, 369, 'GRAPHS', 217),
(2, 96, 'GRAPHS', 218),
(2, 370, 'GRAPHS', 219),
(2, 99, 'DYNAMIC_PROGRAMMING', 220),
(2, 101, 'DYNAMIC_PROGRAMMING', 221),
(2, 102, 'DYNAMIC_PROGRAMMING', 222),
(2, 111, 'DYNAMIC_PROGRAMMING', 223),
(2, 371, 'DYNAMIC_PROGRAMMING', 224),
(2, 372, 'DYNAMIC_PROGRAMMING', 225),
(2, 373, 'DYNAMIC_PROGRAMMING', 226),
(2, 374, 'DYNAMIC_PROGRAMMING', 227),
(2, 110, 'DYNAMIC_PROGRAMMING', 228),
(2, 375, 'DYNAMIC_PROGRAMMING', 229),
(2, 329, 'DYNAMIC_PROGRAMMING', 230),
(2, 106, 'DYNAMIC_PROGRAMMING', 231),
(2, 115, 'DYNAMIC_PROGRAMMING', 232),
(2, 114, 'DYNAMIC_PROGRAMMING', 233),
(2, 112, 'DYNAMIC_PROGRAMMING', 234),
(2, 376, 'DYNAMIC_PROGRAMMING', 235),
(2, 377, 'DYNAMIC_PROGRAMMING', 236),
(2, 378, 'DYNAMIC_PROGRAMMING', 237),
(2, 379, 'DYNAMIC_PROGRAMMING', 238),
(2, 118, 'DYNAMIC_PROGRAMMING', 239),
(2, 119, 'DYNAMIC_PROGRAMMING', 240),
(2, 380, 'DYNAMIC_PROGRAMMING', 241),
(2, 15, 'DYNAMIC_PROGRAMMING', 242),
(2, 381, 'DYNAMIC_PROGRAMMING', 243),
(2, 382, 'DYNAMIC_PROGRAMMING', 244),
(2, 383, 'DYNAMIC_PROGRAMMING', 245),
(2, 113, 'DYNAMIC_PROGRAMMING', 246),
(2, 384, 'DYNAMIC_PROGRAMMING', 247),
(2, 109, 'DYNAMIC_PROGRAMMING', 248),
(2, 385, 'DYNAMIC_PROGRAMMING', 249),
(2, 386, 'DYNAMIC_PROGRAMMING', 250),
(2, 387, 'DYNAMIC_PROGRAMMING', 251),
(2, 388, 'DYNAMIC_PROGRAMMING', 252),
(2, 120, 'DYNAMIC_PROGRAMMING', 253),
(2, 389, 'DYNAMIC_PROGRAMMING', 254),
(2, 390, 'DYNAMIC_PROGRAMMING', 255),
(2, 391, 'DYNAMIC_PROGRAMMING', 256),
(2, 318, 'DYNAMIC_PROGRAMMING', 257),
(2, 392, 'DYNAMIC_PROGRAMMING', 258),
(2, 61, 'TRIE', 259),
(2, 393, 'TRIE', 260),
(2, 394, 'TRIE', 261),
(2, 395, 'SLIDING_WINDOW', 262),
(2, 396, 'SLIDING_WINDOW', 263),
(2, 397, 'SLIDING_WINDOW', 264),
(2, 398, 'SLIDING_WINDOW', 265),
(2, 398, 'SLIDING_WINDOW', 266),
(2, 399, 'SLIDING_WINDOW', 267),
(2, 400, 'SLIDING_WINDOW', 268)
ON CONFLICT (sheet_id, problem_id) DO NOTHING;